buy,vitality,can,dog,food,product,find,good,quality,product,look,like,stew
product,arrive,label,jumbo,salted,peanuts,...,peanut,actually,small,sized,unsalted,sure
confection,century,light,pillowy,citrus,gelatin,nut,case,filbert,cut,tiny,square,liberally
look,secret,ingredient,robitussin,believe,find,get,addition,root,beer,extract,order,good
great,taffy,great,price,wide,assortment,yummy,taffy,delivery,quick,taffy,lover,deal
get,wild,hair,taffy,order,pound,bag,taffy,enjoyable,flavor,watermelon,root,beer
saltwater,taffy,great,flavor,soft,chewy,candy,individually,wrap,candy,stick,happen,expensive
taffy,good,soft,chewy,flavor,amazing,definitely,recommend,buy,satisfying,,,
right,sprout,cat,eat,grass,love,rotate,wheatgrass,rye,,,,
healthy,dog,food,good,digestion,good,small,puppy,dog,eat,require,feeding,
know,cactus,tequila,unique,combination,ingredient,flavour,hot,sauce,make,kind,pick,bottle
boy,need,lose,weight,food,floor,chubby,guy,protein,rich,product,food,high
cat,happily,eat,felidae,platinum,year,get,new,bag,shape,food,different,try
good,flavor,come,securely,pack,...,fresh,delicious,love,twizzlers,,,
strawberry,twizzlers,guilty,pleasure,yummy,pound,son,i.,,,,,
daughter,love,twizzler,shipment,pound,hit,spot,exactly,expect,...,package,strawberry,twizzler
love,eat,good,watch,tv,look,movie,sweet,like,transfer,zip,lock,baggie
satisfied,twizzler,purchase,share,enjoy,definitely,order,,,,,,
twizzler,strawberry,childhood,favorite,candy,lancaster,pennsylvania,candies,inc.,old,confectionery,firm,united
candy,deliver,fast,purchase,reasonable,price,home,bind,unable,store,perfect,,
husband,twizzlers,addict,buy,time,amazon,government,employee,live,overseas,country,assign,fresh
buy,husband,currently,overseas,love,apparently,staff,like,also.<br,/>there,generous,amount,twizzler
remember,buy,candy,kid,quality,drop,year,superb,product,wo,disappoint,,
love,candy,weight,watcher,cut,craving,,,,,,,
live,yr,miss,twizzlers,visit,visit,stock,yum!<br,/>sell,mexico,faithful,buyer,able
product,receive,advertised.<br,/><br,/><a,gp,product,"b001gvisjm"">twizzler",strawberry,16,ounce,bags,pack
candy,red,flavor,plan,chewy,buy,,,,,,,
glad,amazon,carry,battery,hard,time,find,unique,size,need,garage,door,opener.<br
get,mum,diabetic,need,watch,sugar,intake,father,simply,choose,limit,unnecessary,sugar
know,cactus,tequila,unique,combination,ingredient,flavour,hot,sauce,make,kind,pick,bottle
huge,coffee,fan,mother,purchase,little,machine,talk,try,latte,macciato,coffee,shop
offer,great,price,great,taste,thank,amazon,sell,product.<br,/><br,/>staral,,
mccann,instant,oatmeal,great,oatmeal,scrape,minute,prepare,escape,fact,good,instant,oatmeal
good,instant,oatmeal,good,oatmeal,brand,use,cane,sugar,instead,high,fructouse,corn
instant,oatmeal,soggy,minute,water,hit,bowl,mccann,instant,oatmeal,hold,texture,excellent
mccann,instant,irish,oatmeal,variety,pack,regular,apples,cinnamon,maple,brown,sugar,10
celiac,disease,product,lifesaver,well,get,half,price,grocery,health,food,store,love
need,know,oatmeal,instant,half,cup,low,fat,milk,add,raisins;nuke,90,second
visit,friend,nate,morning,coffee,come,storage,room,packet,mccanns,instant,irish,oatmeal
order,wife,reccomende,daughter,morning,like,flavor,happy,happy!!!<br,/><a,gp,product,"b001eo5qw8"">mccann"
variety,pack,taste,great!<br,/><br,/>i,morning,0.3,cent,meal,understand,earth,buy
mccann,make,oatmeal,oatmeal,connoisseur,like,raw,pellet,state,cook,half,hour,sloth
mccann,oatmeal,morning,order,amazon,able,save,3,box.<br,/>it,great,product,taste
mccann,oatmeal,good,quality,choice,favorite,apples,cinnamon,find,overly,sugary,good,hot
like,mccann,steel,cut,oat,find,cook,often.<br,/>this,taste,well,grocery,store
little,wholesome,supermarket,brand,somewhat,mushy,flavor,pass,muster,kid,probably,wo,buy
good,oatmeal,like,apple,cinnamon,good,follow,direction,package,come,soupy,taste,like
flavor,good,differce,oaker,oats,brand,mushy,,,,,,
like,maple,brown,sugar,flavor,regular,fine,brown,sugar,add,apples,cinnamon,flavor
stuff,buy,big,box,store,healthy,carb,sugar,save,money,taste,,
oatmeal,good,mushy,soft,like,quaker,oats,way,,,,,
get,free,package,bottle,bloody,mary,mix,buy,seller,advertising,work,..,lol
spicy,food,south,texas,spicy,doubt,habanero,notch,,,,,
roast,home,stove,popcorn,popper,outside,course,bean,coffee,bean,direct,green,mexican
roast,large,cast,iron,pan,grill,1ÔÂ3ÈÕ,bag,time,smell,wonderful,roasted,bean
deal,awesome,arrive,halloween,indicate,satisfy,trick,treater,love,quality,product,expensive,local
chocolate,great,variety,family,love,family,go,fast,perfect,variety,kit,kat,reeses
great,product,nice,combination,chocolate,perfect,size,bag,plenty,ship,promptly,kid,neighborhood
halloween,send,bag,daughter,class,share,chocolate,fresh,enjoy,,,,
watch,price,assortment,good,gold,box,purchase,price,br,/>$3,target,,
bag,candy,online,pretty,expensive,cheap,order,compete,grocery,store,good,combination,favorite
arrive,day,stale,eat,bag,,,,,,,,
endurolyte,product,year,pill,powder,form,long,desert,ride,dirt,bike,find,camelbak
product,serve,source,electrolyte,long,run,bike,ride.<br,/>i,try,flavor,like,grapefruit
stuff,work,prevent,cramping,middle,stage,ride,pop,water,bottle,set,flavor,fine
low,carb,diet,little,tablet,thing.<br,/><br,/>two,year,ago,start,cycle,year
purchase,mango,flavor,like,mango,hint,sweetness,unfortunately,hint,aftertaste,like,licorice,consume
impulsive,like,ok,wrong,quality,baby,good,complaint,retrospect,price,little,ridiculous,esp
sooooo,deliscious,bad,eat,em,fast,gain,pds,fault,,,,
albanese,gummi,bear,ring,good,tasty,high,quality,bear,little,face,local,candy
grape,gummy,bear,hard,find,area,fact,pretty,talk,grape,gummy,bear,think
order,raspberry,latice,tart,directly,fantasicakes,website,dinner,party,host,arrive,fresh,intact
okay,way,buy,,,,,,,,,,
tea,flavor,brunch,artifial,flavor,returnable,waste,20,buck,,,,
look,like,perfect,snack,trail,mix,unfortunately,arrive,solid,mass,melt,chocolate,leave
taste,good,purchase,different,brand,similar,taste,texture,agree,reviewer,order,summer,insulate
taste,great,berry,melt,order,winter,order,cold,weather,enjoy,flavor,,
know,tea,good,grant,south,know,enjoy,tea,sweet,sweet,taste,crisp,
peppermint,stick,delicious,fun,eat,dad,get,christmas,remember,have,similar,little,girl
great,gift,age,purchase,giant,cane,recipient,love,keep,eat,,,
